store_id,preprocessing_review
1,
1,십 년 넘게 단골집 맛은 보장해요 연천 올 때마다 꼭 들려 먹는 곳이에요
1,맛있어요
1,맛있어 융
1,너무 맛있었어요 후식으로 먹은 식혜도 순삭 했어요 재방문의 사
1,건널목이지만 주차장도 넓고 매장도 넓고 본점 값하는 것 같았어요 자율배식 시스템이 고 음식 나오는 것도 빠르고 회전율 좋네요 다만 홀에 계신 분이 하나니 이게 아무리 자율배식이라도 테이블 정리하시는 분들은 있어야 할 거 같은데 더러운 대로 놔두시고 누구 하나치 우시는 분들이 없어서 아쉬웠네요 모두가 깨끗하게 먹고 가면 좋겠지만 그렇지 못한 분들이 있는 것도 사실이니까요 틈틈이 내부를 좀 정리해주셨으면 좋겠어요
1,굿
1,신속하고 친절하고 비빕맛있어요
1,아들 군대가 가까이 있어 먹고 왔어요
1,명성에 비해 맛은 그다지 그냥 쏘 쏘 한 정도인 듯요
1,짱 맛있어요
1,역시 굿
1,굳
1,두 번째 방문인데 역시나 맛있게 먹었어요 개인적으로 구성비 너무나 좋은 곳
1,그냥 본점이라는 거 빼면 갈 이유가 전혀 없는 듯 불친절에 육수도 컵도 다 떨어지고 뜨거운 육수에 얇은 스테인리스 컵 감사 인사에도 대답조차 하지 않음
1,여자 셋 국수 모두 곱빼기에 만두까지 해서 먹으니 양이 딱 좋아요 연천 온 김에 먹고 가요 면발이 쫄깃하고 매콤해요
1,맛있어요
1,본점이 맛은 가장 좋은 듯요 매장 넓고 음식 빨리 나와서 좋아요
1,좋아요
1,좋아요
1,좋아요
1,좋아요
1,좋아요
1,맛있어요
1,맛있어요
1,굿
1,잔치국수는 첨 먹어봤는데 너무 맛있어요
1,비빔 맛있어요
1,구성비 좋아요
1,맛있어요
1,너 무 불친절함 돈을 벌었으면 이젠 예의도 벌어 봅시다
1,맛있어요
1,맛있어 여
1,좋아요
1,맛있어요
1,연천 놀러 갔다가 점심 유명해서 들렸는데 맛있어요
1,맛있어요
1,계란은 개 천 원 따로 추가해서 먹었어요 예전 맛이랑 살짝 달라진 것 같은데 그래도 너무 맛있어요
1,맨날 동네에서만 먹다가 드디어가 본 망향 본점 본점이라 그런지 확실히 더 맛있음 그리고 애견 동반이 가능한 장소가 있어 정말 감사해요
1,저렴하고 맛나요 김치도 회 무침 비슷한 맛나고 비빔국수가 소스도 고소하고 진하고 많아 요 굿
1,기존 맛탕
1,유명한 덴이 유가 있다는 말에 부합하는 집 비빔국수 잔치국수 모두 전국구급 맛이 고국 수 만두가 만 원도 안 하는 조합이라는 건 그냥 축복임 동네에 분점 하나 생겼으면 하는 바람이 먹으면서 샘솟음 본점을 방문 시에는 먹기 전 강철 비 국 수영상을 사전 시청하고 갈 것
1,맛있어요
1,맛있어요
1,망향 비빔국수 맛있다고 얘기만 듣고 처음 가봤어요 본점이라 그런지 엄청 크네요 키오스크로 주문하고 번호가 전광판에 나오면 받으러 가는 방식이에요 비빔국수 어야 당연히 맛있었고요 잔치국수도 맛있어요 만두도 국수 먹으면서 곁들여 먹을 수 있을 정도의 크기와 양 그리고 부담 없는 가격이라 잘 먹었네요 다만 식혜는 주관적인 입맛이에요 밖에서 손 씻고 들어갈 수 있게 되어 있어서 좋아요 날씨가 좋으니 전체 환기가 잘 되도록 문을 다 열어놓으셔서 아주 기분 좋게 잘 먹고 왔습니다
1,주차장도 넓고 식당도 넓어 용 맛있어요
1,넓고 주차하기 편하네 이 맛은 살짝 맵지만 중독성 있네요
1,넘맛나욮ㅎㅎ
1,많이 매워요
1,맛있어요
1,쏘쏘맛 잇게 매콤 굳이 찾아갈 맛은 아닌
1,가성비갑이요
1,커요
1,국수 간편히 먹고 오기 좋아요
1,좋아요
1,맛있습니다ㅎㅎㅎㅎㅎㅎㅎㅎ
1,사람 많아서 좀 정신없지만 국수 맛있음 소면은 아닌데 쫄깃쫄깃
1,본점이라 기대하고 갔는데 음식 간이 너무 세요 종일 물을 찾게 될 정도 다른 지점보다 양도 적고 별로였어요
1,음식 나오는 속도도 빠르고 본점이라 그런지 매장도 커요
1,맛있어서 또 인분 포장
1,또 생각나서 주일 만에 바로 또 방문 곱빼기 만두 콤보는 진리네요
1,좋아요
1,사람이 너무 많아서 포장만 했어요 그래도 맛나요
1,새로 리모델링을 해서 넓긴 한데 어딘가 어수선해 이 맛은 나쁘지 않고 별미로 먹을 만합니다 모든 것이 셀프라 불편하지만 가격이 낮아져서 위안이 됨
1,좋아요
1,ㅇ
1,본점이라 다른 지점보다 더 맛있는 거 같아 요 엄청 크고 깔끔하네요
1,
1,매장이 커져서 좋네요 맛도 괜찮습니다
1,굿
1,사람 많지만 맛있어요 대기 시스템이 잘 돼 있어요
1,맛있음
1,비빔이나 멸치국수 둘 다 맛있네요
1,음식이 맛있어요
1,아주 좋아 요 자주 갑니다
1,맛 집이라고 해서 기대 없이 먹었는데 우항 진짜 맛있어요 진짜 맛 집 인정해요 또 근처 오면 꼭 먹어야겠어요
1,잘 먹었어요
1,강철 이 영화를 기대하며 갔는데 영화의 흔적은 없네요 비빔국수는 맛있었는데 잔치국수는 면이 많이 불어서 아쉬웠어요
1,잔치 국수가 맛있어졌네요
1,장맛
1,
1,망향 비빔국수 본점을 드디어 방문하였습니다 ㅠ 비빔국수 곱빼기 국수사리 만두 주문 가격도 저렴하고 주문도 키오스 크라 편해서 좋습니다ㅎㅎ 주문번호 나오면 셀프로 받아 가는 시스템 좋아요 온 육수가 진짜 최고 매장도 크고 주차장도 넓어서 편하게 드실 수 있습니다 굿굿
1,비빔국수 맛남
1,홀 정리가 너무 안 되네요
1,맛있어요 본점과 가맹점은 맛이 달라요
1,복잡해요
1,맛있어요
1,잘 다녀왔습니다
1,좋아요
1,맛있어요
1,맛있어요
1,좋아요
1,좋아요
1,별로예요
1,맛집 인정
1,휴게소인 줄 알았어요 시스템이 휴게소 같네요
1,언제나 좋아요
1,애용하고 있어요
1,너무 맛있어요 애견들도 먹을 수 있는 공간이 있어 좋아요 실외
1,잔치 국수가 그렇게 싼 편은 아닌데 그래도 착한 편이고 비빔국수가 좀 더 낫다 중 면을 썼다는 것이 좀 차별화되어 있는 거 같고 매장이 엄청 커서 놀람 오픈 좀 지나서 기다리지 않고 먹었고 다 먹고 나올 즈음부터 방문자가 늘어나는 추세 무료 제공되는 육수는 입맛을 사로잡았으면 하지만 국수를 먹기 위해 먼 거리를 와서 먹을 정도는 아니었음
1,메뉴다 맛있음 ㅠㅠ
1,리모델링 후 매장이 무척 넓어졌고 화장실도 깨끗해졌네요 근데 왜 날이 갈수록 음식이 짜지는지
1,맛있어요
1,굿
1,굿
1,맛 조아여 역 새 본점
1,망향은 항상 맛있음
1,굿
1,좋아요
1,맛집 맛집
1,좋아요
1,최고
1,완전 맛있어요
1,잔치국수 맛있네요
1,역시 본 점
1,일단 주차하기 널찍한 공간이 있어 너무 좋아요 빨리 먹을 수 있는 음식이라 회전율도 엄청 빠르고 키오스크에서 바로 주문해서 기다리는 시간도 길지 않아 요 식당보다는 급식소 혹은 식량 배급소에 가까운 느낌이랄 까만 은 사실 특별한지 잘 모르겠어요 만두도 평범하고 기대했던 비빔국수도 평범해 요 큰 기대 없이 먹으면 괜찮게 느껴질 것 같아요 그리고 국수 면을 원래 좀 굵은 걸 쓰는 건지 아니면 대량으로 조리하다 보니 면이 불은 건지 잘 모르겠어요
1,맛있어요
1,
1,본점은 다르네요
1,달면서 맵네요
1,음식이 맛있어요 셀프라 불편해요 친절하지 않아요
1,굿
1,역시 본점이네요 비빔국수 정말 맛있어요 아기 국수도 맛있고 육수도 최고
1,잔치국수 맛있어요
1,의자가 불편한 데 매콤하고 좋아요
1,정말 매장 넓고 애완견 동반 야외석도 따로 되어 있어 요 화장실도 정말 쾌적하고 공간적으론 좋았어요 앞마당에서 수세 미리 호박이 열렸던데 진귀한 볼거리도 있고 주차장은 건너편이고 키오스크 대가 작동을 못해 살짝 복잡했지만 간편하게 먹기 좋은 곳입니다 잔치 국수가 살짝 짠 편이니 참고하세요
1,굿
1,비빔은 좀 맵네요
1,맛있어요 만두도
1,맛있게 잘 먹었어요
1,좋아요
1,맛나요
1,너무 사람이 많아서
1,본점이라 그런지 넓고 깨끗합니다
1,육수가 너무 깔끔하고 맛있어요 국 수가 양이 너무 적었어요 여자들이 먹기에도 서운했어요
1,맛나옹 ㅋ
1,맛나요
1,언제나 한결같은 맛있는 맛 언제 먹어도 맛있어요
1,양은 보통이고 만두는 맛있어요
1,중국 분들이 카운터를 보시는지 케샤가 서튼 건지 카드 취소가 안돼 환불받느라 엄청 애먹었네요 사무실 직원은 미안하다는 말 한마디 없으신 구 카드 결제할 때 꼭 확인하세요
1,너무 맵고 짜고 솔직히 무슨 맛인지 아 매운맛에 먹는 건가 싶은 비빔국수
1,연천 나들이 왔다가 찾아간 곳 가볍게 먹으러 갔는데 이렇게 사람이 많을 줄이야 가격 대비 굳
1,맛 좋아요
1,너무 짜요
1,저번에 먹어보고 맛있어서 부모님 모시고 왔는데 연휴라 사람이 많아서 그런지 완전 노 맛이네요 비빔국수는 너무 짜고 식혜는 설탕물 수준이고 결국 못 먹고 버렸어요 확장했던 데 결국 맛이 변하네요
1,맛있어요
1,본점은 역시 최고
1,맛있게 잘 먹었습니다
1,망향 비빔국수 본점
1,굿
1,굿
1,굿
1,굿
1,그릇 수거함 앞에서 일하시는 분이 너무 불친절합니다 숟가락이 안 보여서 어딨냐고 물어봤는데 대답도 없이 귀찮다는 표정으로 턱으로 가리키더라 그 요 숟가락은 다 가져가서 쓰지 못했습니다 턱으로 대답해서 정말 불쾌했습니다 국수는 맛있어요
1,본점 가서 꼭 먹는 걸 추천드려요
1,맛남
1,사람 많아요
1,줄 서서 먹는 데는 이유가 있다
1,사람 많아요
1,망향 본점은 항상 맛있어요 엄청 확장했네 요 망향공원도 생김
1,매장도 넓고 맛있어요
1,다시 맛있어졌네요
1,비빔국수 천 원 만두 천 원에 매우 맛있는 구성비 맛집 가격 생각하면 모든 것이 셀프인 것이 이해가 되는데 여기 와서 서비스가 나쁘다고 하는 게 무슨 말인지 이해가 안감
1,맛있어요
1,좋아요
1,주차도 편하고 맛도 짱입니다
1,음식이 맛있었지만 깔끔하지는 않았어요 매장이
1,불친절해요 ㅜㅜ
1,더 넓어지고 깨끗해져 이용하기 좋아요
1,자
1,주문이 들어갔는데 안 들어갔다고 우기시고 그냥 우리가 한 그릇 줄 게라는 장사 마인드 시 면 곤란합니다 사장님
1,하여 결제한 거까지 보여줬는데도 계속 아니라고 하시다가 마지막에 그냥 못 믿겠는데 주겠다는 식으로 주네요 점입니다 내 지갑 한 나 슈퍼 블러 거인데 ㅋ
1,본점이 제일 맛있어요
1,좋아요
1,좋아요
1,맛있어요
1,신축 건물 깨끗하고 좋아졌는데 옛날 그 모습 때문에 일부로 찾아 같은데 ㅎㅎ이제는 주문 셀프 음식도 직접 가지로 가야 하고 고속도로 휴게소 느낌 맛은 그대로입니다
1,망향 비빔국수 좋아하는데 본점은 처음 방문이에요 휴게소 분위기나 서 살짝 당황했지만 국수는 맛있게 잘 먹었어요
1,저에게는 비빔국수가 살짝 맵긴 했지만 먹으면 먹을수록 계속 먹어지는 맛입니다
1,비빔국수랑 만두를 파는 데 진짜 소스가 맛있네요 야채 수도 뜨끈하니 맛있어요
1,너무 맛있어요 육수도 맛있고요
1,키오스크 주문이고 음식도 고객이 직접 가져오고 빈 그릇도 가져다주어야 합니다 모든 것이 셀프 그런데 직원들이 불친절합니다 잔치국수 국물은 바닥에 깔린 정도 뜨거운 유수한 컵 부어 먹었어요
1,맛있어요
1,맛있음 별거 아닌데 맛있음
1,ㅇㅈ
1,좋아요
1,좋아요
1,신관이 새로 생겨서 넓도 쾌적하네요 맛도 여전히 맛있습니다
1,좋아요
1,
1,비빔국수 장맛 양념
1,너무 짜요
1,비빔국수가 특별하게 맛있네요 면발이 일반 소면보다 약간 굵고 맛있어요 만두도 맛있어요
1,재인폭포가 기 전에 점심시간 때 가면 손님들 몰릴까 싶어서 조금 일찍 갔는데 그래도 맛은 그냥저냥 사실 국수 외식은 처음입니다 ㅋ
1,중면이 고잔 치국 수 국물이 진해요 비빔국수는 깔끔한 매운맛
1,맛있게 먹었어요
1,둥굴레차가 떨어지면 채워두셔야 하는데 ㅜㅜ 갈 때마다 중간 쪽도 굴레 차는 없어서 안 나와요
1,맛있게 먹었어요
1,굿
1,잔치국수 짜고 후 추가 많아 매워요 비빔국수도 그냥 그래요 물통이 지저분해 이 서빙이 없어 테이블도 직접 닦아야 해요
1,올 만에 갔는데 여전히 맛있네요 기 다려서 먹을 만함
1,굿
1,비빔국수 잔치국수 맛나게 먹었어요
1,맛있어요
1,맛있어요
1,사람들은 맛있다고들 하는데 전 그럭저럭요
1,굿 년 만에 왔더니 매장이 넓어지고 깨끗해졌네요
1,맛나요
1,로테이션 빠르고 맛있고 깨끗합니다
1,맛나요 주차공간 도무지 넓고 매장도 엄청 크네요 ㅋㅋㅋ 맛나서 자주 와야겠어요
1,맛있어요
1,아기 국수 추천
1,오랜만에 갔는데 매장도 더 넓어지고 깨끗해지고 맛은 여전히 맛있고
1,맛있지만 아주 조금 짠맛이
1,가격도 싸고 맛있어요 육수까지 나왔다면 좀 더 좋았을 걸 하는 아쉬움이 생겼습니다
1,망향 국수 본점인데 다른 지점보다 짜고 맵네요 ㅠㅠ
1,맛있고 좋아요
1,매콤 새콤달콤
1,좋아요
1,다시 생각날 만큼의 맛은 아니 예 요 매워서 식혜 시켜서 먹었어요 육수도 없고 ㅠ 특히 쟁반에서 행주쉰 내가 너무 심했
1,조금 매워요 그렇지만 비빔국수 짱 월 일부터는 잔치국수도 시작하신 답니다
1,굿
1,군 시절부터 사랑해 왔던 이 맛 충성
1,맛있어요
1,너무 맛있습니다 강아지 데리고 갇야 외에서 식사 가능해서 더 좋아요
1,좋아요
1,맛있게 매운 비빔국수제 입맛엔 본점이 가장 맛있어요 영
1,좋아요
1,맛있어 요 드라이브 왓 다가 먹기도 하고 좋아 요 맛있어요
1,굿
1,매장이 무지 넓어서 좋아요 국수는 넘맛있구요 근데 본점이 제일 매운 것 같아요 애견 동반 자리 야외에 따로 있어요
1,굿
1,굿
1,크고 싸고 맛도 굳
1,최고
1,맵지만 맛있네요
1,야외에서 먹을 수 있고 맵지만 맛있어요
1,맛있어요
1,너무 맛있어요 본점인 이유가 있네요 매운 편이지만 진짜 진짜 맛있고 근처 오면 매번 들릴 거 같네요 잘 먹었습니다
1,ㄱ
1,좋아요
1,너무 맛있어서 지난번 시키고 또 시키고 또 시킨 걸 반성하며 이번엔 한 번에 많이 주문했어요
1,망향국 수사랑 합니다 본점 와서 꼭 먹어 여해요 제일 맛나요 탕 후루 진짜 맛나요 탕 후루 꼭꼭 먹어야 해요
1,굿
1,굿
1,시스템이 체계적으로 잘 되어 있으면 바빠서 정신없음
1,사람이 엄청 많아요 그래도 국수는 맛있어요 정말 매콤해서 식혜는 필수
1,굿
1,좋아요
1,맛있네요 ㅎㅎ
1,맛있어요
1,왜 사람들이 많은지 이유를 모르겠음 돠
1,사람 엄청 많아 요회전률 좋아요 국 수가 매워요 아가 국수도 있습니다
1,좋아요
1,좋아요
1,신랑을 좋아하는 데 전 매워서 ㅜ ㅜ 식혜랑 만두는 필히 주문합니다
1,친절하고 맛있어요
1,옛날 맛 같지 않네요 만두도 좀 마른 듯해서 뻑뻑했고 만두 간장도 어 딧는지 보이지 않고 비빔 양념도 다 풀어지지 않아서 뭔가 텁텁한 느낌 셀프도 좋지만 전체적인 식당 분위기가 그다지 정겨워 보이지 않네 요 오랜만에 간 곳인데 너무나 삭막함이
1,본점 규모가 굉장하네 요 주차장도 넓고 비빔국수도 맛있어요
1,굿
1,굿
1,굿
1,너무 기대가 컸던 걸까요 맛도 없고 맵기만 하고 가격만 비싸네요 전부 다 셀프라 남은 음식도 음식물 쓰레기 본인이 버려야 하고 간 만에 놀라고 온 식당입니다ㅜㅜ
1,지나가다 우연히 자주 가는 망향 본점이라 들어가 보았네요 넓은 매장에 밖에서 손 씻고 들어가니 좋았고 키오스크까지 준비돼있어 편리했어요 하지만 군부대 식당 같은 느낌 매장은 넓어 좋으나 의자 불편 육수도 먹을 수 없게 돼있고 아이들 잔치국수 먹이려고 했는데 비빔만 팔아서 아쉬웠어요
1,맵지만 맛있음
1,맵고 맛있어요
1,좋아요
1,본점이라고 해서 들렀어 요 맛있고 양도 많네요 근데 제 입에 맵더라고 요 식당 엄청 넓고 사람도 휴가철이라 그런지 많더라고요
1,맛나네요
1,맛집
1,좋아요
1,포장했는데 평일인데도 사람이 많네요
1,미리 사랑해
1,유명한 가게답게 맛있어요
1,비빔국수 맛있어요 ㅋㅋㅋ
1,오랜만에 갔는데 더 넓어졌어요
1,아 맛있다
1,가격 대비 맛도 좋고 시골이라 좋았어요
1,오우 비빔국수 맛
1,좋아요
1,너무 맛있어요
1,맛나 맛나
1,좋아요
1,본점은 처음이에 요 역시나 맛있습니다
1,맛 차이가 없네요 대기 시간 길어요
1,굿
1,굿
1,집 근처 지점은 가봤고 본점 찾아 방문해봤어요 늦은 시간이라 사람이 많지는 않았지만 코에 국이 라 포장했어요 역시나 맛있고 양도 많아요
1,맛 구성비 환경 모두 좋네요 먹을수록 매운맛이 좋고요 다만 오이가 쓴맛이 있네요
1,친절했으면 좋겠어요 그리 구포천점처럼 매운 거 못 먹는 사람들 위해서 잔치국수 있었으면 좋겠습니다
1,또 가보고 싶은 곳 연천 맛 집이에 요ㅎ
1,주말에 재방문했어요 역시 맵지만 맛있습니다
1,좋아요
1,비빔국수 정말 인생 맛 집이었어요
1,명불허전
1,김치는 맛있는데 국수는 맵기만 하네요 양념 장 보다 국수 면발이 맛의 주축입니다 굵게 썰린 오이는 쓴맛이 강합니다 아기 국수는 깨 참기름과 간장으로만 비벼주는데 울 집에는 별맛 안 난다고 한 입 먹고 마네요 만두는 평범합니다 비빔국수 꼭 곱빼기 시켜야 합니다 그래야 일반 국수 집 양이 애요 이른 오전에도 사람들은 많습니다 취향에 따라 호불호 갈립니다
1,먹으면 먹을수록 너무 매워요 오이는 너무 쓰고 하지만 그래도 잘 먹었습니다
1,맛있어요
1,말이 필요 없어요
1,맛은 있지만 매워요 유산균과 비타민이 들어있는 국물을 다 마셔보라는 문구가 있으나 청양고추를 잘 먹는 사람에게나 해당되는 사항이고요 육수도 없고 반쪽씩 들어있는 계란도 돈 주고 사 먹어야 하네 요 세 조각 들어 있는 오이도 너무 썼어요
1,존 맛 캔
1,굿
1,별로 배가 안고 파서 국수 하나랑 왕만두 시켜 서 둘이 나눠 먹었어요 존 맛
1,굿
1,헐 애견 동반된 대서 데리고 갔다가 밖에서 더워 뒤지라고 선풍기 한 대도 설치 안 해놓고 먹다 먹다 더워서 못 먹고 와 버린 머 하는 짓거리들인지 애견 동반 안 하는 게 나을 듯
1,역시 본점 너무 맛있어요
1,사람들이 음식 남긴 걸 보고 설마 했는데 역시 맛은 그닥넘 맵고 짜고 그래도 식혜는 맛있던데요
1,비빔국수 맛나요 그런데 잔치국수는 여름에 안 판다고 해서 좀 황당했네요
1,맛있어요
1,매워요
1,굿
1,ㅎ
1,너무 사람이 많아서 불편했어요
1,맛나게 먹었습니다
1,예전에 왔을 때보다 새로 지어서 깨끗하고 좋네요
1,역시 망향은 본점이 제일 맛있어요 계속 생각나는 맛이에요 ㅎㅎㅎㅎ집에 와서 잘 먹었어 용굿 굿
1,역시 본점이 맛있어요 포장도 해서 잘 먹었어요
1,싸고 맛나요 계란이 없어 좀 아쉬워요
1,너무 맛있네요 아기 국수 짱임 대
1,잔치 국수가 메뉴에서 빠져서 너무 아쉬워요 ㅠㅠ 아기 국수 대신 잔치국수 먹는 아이들도 있는데
1,비빔국수 매움
1,맛있음
1,드라이브 겸 와서 국수랑 유정란 먹고 돌아가면 주말 ㅇㅢ 마무리네요
1,맛나요
1,편리하고 맛있어요
1,굿
1,굿
1,년 만에 와보니 짜증 매워요
1,장사 잘 됨
1,애견 동반 가능한 실외도 있고 깨끗해 요강추
1,매콤한 비빔국수와 만두 맛있어요
1,망향 비빔국수 최고에 요
1,매콤한 국수가 참 맛있어요
1,좋아요
1,좋아요
1,맛있어요
1,좋아요
1,올 만에 왔어요
1,역시 본점이 제일 맛있는 거 같아요 곱빼기 주문했다가 후회했네요 양 많아서 ㅋ 만두는 예전보다 좀 작아진 느낌이 여름이라 그런지 잔치국수는 없어졌어요
1,무조건 맛있어요 ㅋㅋ포천 세종에서도 먹어봤지만 역시 본점이
1,존 맛탱왜 유명한지 알 것 같아요
1,진짜 ㅠ 최고 ㅠㅠ
1,좋아요
1,말해 뭐 해 마싯쥬
1,굿 좋아요
1,맛있어요
1,확장해서 더 깨끗해지고 만드시는 모습이 보이니 더 믿음이 가고 좋아요
1,본점에서 직접 맛을 보니 더더욱 맛이 좋아요
1,굿
1,맛있어요
1,매콤한 데 맛있네요
1,예전이 그립네요 요즘은 국수가 너무 매워져서 본연의 소스 맛이 묻히네요 아쉬워요
1,너무 맛있어요 언제 또 가보나 꼭 가야지 생각 날 듯
1,맛나요 여름에는 물국수 안 되니 참고하세요
1,매콤합니다
1,좋아요 맛있어요 추천해요
1,먹을 만함
1,맛있어요
1,맛있어요
1,단골입니다ㅎ
1,매콤하니 좋아요
1,좋아요
1,긋
1,맵 찔리는 너무 맵네요ㅜ
1,맛 이소응
1,맛있음
1,항상 맛있어요
1,좋아요 푸짐해요 맛있어요
1,맛있어요 푸짐해요 추천해요
1,맛있어요
1,휴게소처럼 상당히 규모가 크고 애완동물과 함께 먹을 수 있는 야외 테이블도 있어요 무엇보다 양념이 포인트입니다 맛있고 가격도 나쁘지 않네요 굿
1,제 입맛엔 너무 달아요 왜 맛 집인지
1,양도 많고 맛있어요
1,오랜만에 갔는데 확장해서 휴게소 느낌 낙 맛도 달라졌어요
1,굿
1,굿
1,짜고 맵고 해서 입안이 헐었어 유
1,제 입맛엔 좀 짜네요 물국수도 있었으면 좋겠어요
1,좋아요
1,굿
1,맛나요
1,어머 너무 좋아짐
1,육수가 없네요 ㅜㅜ 식혜 양도 적고 설탕 물맛
1,식혜 맛 집이에 요 돈 아깝네요
1,망향 비빔국수 본점이 제일 낫다고 해서 가봤는데 다른 지점을 안 가봐서 정확한 비교는 어렵지만 맛있게 매콤했어 요양이 많아서 남기긴 했지만 만두도 같이 주문하길 잘한 거 같아요
1,좋아요
1,비빔국수 맛 집이라고 해서 찾아가 봤어 여 엄청 오래 걸려서 갔는데 근처라면 지나가다가 먹겠지만 굳이 이렇게 올 것 같진 않은 그래도 맛있게 잘 먹었습니다
1,아는 맛인데 맛있네요 ㅋㅋ 살짝 매움 키 호스트로 주문하고 빨리 먹을 수 있음
1,맛있어 오
1,헝여기자주 오는데 맛 변한 거 같아요 ㅠㅠ 너무 맛이 짜게 변함
1,너무 맛있게 잘 먹었고요 보통인데도 양이 너무 많아서 놀랬어요
1,사람이 엄청 많고 휴게소 밥 먹는 기분 주말에는 대기도 엄청 길고 망향 국수는 집 근처 가까운 곳에서 먹는 게 최고인 듯
1,좋아요
1,비빔국수 맛집
1,매콤하니 맛있어요
1,좋아요
1,다음에도 꼭 방문
1,식혜는 그냥 그래요
1,비빔국수 너무 맛있어요
1,맛있어요
1,맛나요
1,더워지는 날씨 덕분에 이 열시 열 음식이 생각이 나죠 특히 맛보신 분들은 더욱 강렬하게 끌린다는 연천 망향 비빔국수 본점
1,기존 맛
1,좋아요
1,맛있었어요
1,좋아요
1,맛있어요
1,예전처럼 시원한 맛은 좀 없어진 듯한데 그래도 맛 좋음 후루룩 짭짭ㅋㅋㅋㅋㅋ
1,맛도 있고 친절해서 좋았음
1,망향 비빔국수 정말 반했어요 너무 맛있네요
1,굿
1,본점 역시 맛있어요
1,쫄깃한 면발은 어느 곳의 국수와도 다르게 배부르네요 국물은 담백한데 매콤함은 나중에 올라오네요
1,국수 양념이 너무 매웠습니다
1,좋아요
1,국수
1,비빔국수 맛있어요
1,생 각보다 별로여 숨다 든 분점이 더 맛있는 느낌 만두 도구냥 평범 해용
1,굿
1,예전에 맛있었던 기억으로 갔는데 식당이 공장형으로 바뀌고 직원분들은 불친절에 식탁 닦아주시는데 행주 하나로 여러 식탁 닦고 야채도 별로 들어있지 않은 그냥 국수네 요 정말 별로예요
1,옛날 생각나서 재방문한 집 정말 실랑스럽고 서비스는 전혀 없고 오로지 판매에만 신경을 쓰는 두 번 다시 재방문하지 않을 집 식탁이 더러워 닦아달라 부탁해도 불친절 물티슈 없냐고 물어봐도 대답 없이 손짓으로 없다고 불친절 정말 실망 그 자체입니다 입맛은 개인의 식성이나 전 개인적으로 맵기만 하고 정말 맛없이 먹은 망향 돈이 너무 아깝네요
1,굿
1,정말 맛있어요 먹을수록 생각나는 맛입니다
1,역시 본점이 최고네요
1,맛있어요
1,삶은 달걀 개에 천 원입니다 꼭 먹어야 합니다
1,망향 비빔국수는 연천 본점에서 먹어야 합니다 맵 찔 이들은 쿨피스나 우유 필 참 ㅋㅋ
1,망향 비빔 막국수 본점 맛이 야 애완견과 함께할 수 있는 공간까지 마련돼 있고 너무너무 좋았어요
1,잘 되던 가게 인테리어 바꾸거나 이전하면 맛 바뀌었다고 하는 글 보면 예민하다 싶었건만 망향도 신관으로 바뀌니까 양념이 약해졌어 요한 본점이 정말 맛있었는데 충격적이라 재방문을 언제 할진 모르겠습니다
1,굿
1,맛있어요
1,맛있어요
1,맛있어요
1,좋아요
1,맛나요
1,맛있네요
1,굿
1,굿
1,굿
1,좀 짜요ㅠ
1,너무 맛나여 근데 셀프로 다 치워야 하는 게 불편 ㅜㅜ
1,좋아요
1,맛 집입니다
1,주차장도 넓고 휴게소처럼 되어 있어요 국수도 맛있음
1,ㅅ
1,굳
1,맛있어요
1,좋아요
1,새콤달콤 시원하고 맛있습니다 은 근 매워서 글자 써진 대로 육수를 다 먹을 수는 없었지만 요ㅠ 식혜사 먹고 나면 멀쩡해집니다
1,맛나요
1,맵찔이한테는 맵네요 그렇게 맛있지도 않음
1,만두가 싸고 맛있어요
1,비빔국수가 맵지고 않고 짜지도 않고 딱 맛있어요 본점에 잔치국수 없는 게 아쉬워요
1,
1,아빠가 진짜 맛있게 드셨어요 역시 본점이네 요흐흐
1,역시 망향
1,좋아요
1,좋아요
1,굿
1,맛나요
1,바로 옆으로 확장 이전했네요 시설은 참 좋은데 맛은 예전만 못한 듯 월 초인데 잔치국수는 하지도 않고 비빔만 있고 탕 후리도 질이 안 좋아졌어요 실망이에요
1,좋아요
1,식혜 맛 양이 더 많았으면
1,탕후루
1,맛있어요
1,굿
1,비빔국수별로 안 좋아하는데 정말 당기는 맛 집에 와서도 생각나요
1,늘 맛있어
1,역시 본점이 맛나네요
1,몇 년 만에 방문했는데 건물도 새로 짓고 무인 주문에 번호 표수 셀프 수령 많이 바뀌었네요 최 새 국 수집 너무너무 맛있게 먹었어요 아기 국수도 첨 먹어봤는데 존 맛 탱 화장실 포함 시설 전체적으로 깨끗 밝아져서 좋아요
1,잘 먹고 갑니다 굳굳 굳
1,맛있게 잘 먹어 어용 빠르게 나와서 정말 좋아요
1,좋아요
1,개인마다 취향이 다르겠죠
1,귿귿
1,맛있어요 좋아요
1,너 무 좋아요
1,마스크 벗고 주방에서 돌아다니면서 음식 먹고 떠들고 기가 찹니다
1,너무 맛있었던 본점
1,국수는 망향이 최고인 듯 사람이 너무 많아 포장해서 왔어요
1,비빔국수 맛있어봤자라고 생각했는데 진짜 맛있어요 지나가며 지점은 많이 봐서 궁금했는데 본점 서 첨 먹어보네요 안 매운맛으로 시작해 슬슬 매워졌는데 물 마시고 좀 지나니 매운 기도 싹 떨어져 요 맛있게 매운맛 면 도 쫄깃하게 맛있어요
1,맛있어요
1,굿
1,맛있어요
1,맛있어요
1,좋아요
1,맛있어요
1,공장 같은 맛있는 국숫집
1,강철 비 강철 비
1,강철 비 보고 왔습니다
1,본점 빨 사람이 너무 많아 정신없음요
1,맵고 맛있어요
1,맛있어요
1,역시 맛나요 ㅋ
1,굿
1,저희 가족 입맛에는 좀
1,잘 먹었어요 고소하면서 매콤한 맛입니다 탕 후루 식혜 파는 다탕 후루 필수입니다ㅋㅋ
1,다 먹고 하나 포장해가기
1,할머니 산소 올 때마다 와서 먹는 곳 맛있어요 옆 건물로 옮겨서 깨끗해요
1,구성비 좋고 맛도 괜찮아요 좀 매워요
1,좋아요
1,맛있어요
1,
1,맛있어요 안에 내부는 엄청 넓어요ㅎ
1,굿
1,
1,
1,너무 별로로 변했어요 잔치국수도 없어지고 서비스도 최악
1,굿
1,맛있어요
1,밭 뷰 보며 국수 먹는데 찐 맛 잔치국수는 왜 없어진 거죠 ㅜㅜ 그래도 찐 맛
1,사람 너무 많음
1,비빔국수 맛집
1,단맛이 강하지만 면은 좋습니다 지역 맛 집입니다
1,여기 너무너무 맛있어요 특히 둥굴레차가 너무너무 맛있어요
1,유명한 곳 처음 가봤는데 좋네요 맛있고 경치도 좋아요
1,주차장은 건너편에 크게 공 터처럼 있고 신과 세운 지 얼마 안 된 것 같아 요크고 깨끗한 인테리어지만 의자와 테이블이 전반적으로 관리가 안 되어 있고 맛은 좋아 여 곱빼기 양 진짜 많아요ㅋㅋㅋㅋ
1,맛있어요
1,맛나요
1,맛이 좋아요
1,굿
1,맛있어요
1,본점 방문 맛있었어요 가게 내부도 넓고 주차장도 정말 넓고 야외 식사할 수 있는 곳도 있어서 좋았습니다
1,테이블이 많아서 웨이팅 없어서 좋았고 바로바로 테이블도 치워주시고 남자 직원분이 정말 친절했습니다 정말 규모가 커서 국수공장에 다녀온 기분으로 후루룩 먹고 나옴ㅋㅋㅋㅋㅋㅋㅋㅋㅋㅋㅋㅋㅋㅋㅋ
1,
1,기대 없이 방문했는데 정말 맛있네요 회전도 빠르고 아이들 있어서 아기 국수도 시켰는데 아기 국수도 정말 맛있어요 ㅋㅋ
1,맛있어요
1,맛있어요 육수가 없어서 아쉬워요 ㅠㅠ
1,예전에 다른 지점에서 맛있게 먹었던 기억이 있어서 드라이브 차 본점을 가봤는데요 근데 솔직히 지점보다 별로였어요 크기가 커서 그런가 다 셀프 시스템이라 편하진 않았고 무엇보다 동굴 레차보온통은 있는데 옆에 컵도 없고 일반 스뎅컵이라 뜨거워서 들기도 힘들고 매장이 고객 우선으로 세팅된 거 같진 않아 보였습니다 이 사실 나쁜 평은 잘 안 쓰는데 본점이라는 거에 제 기대치와 기준치가 높아서 좀 그랬을 수도 있을 거 같습니다
1,맛있어요
1,강추
1,굿
1,굿
1,굿
1,맛있어 요입에 딱입니다
1,내 맘속의 맛집
1,좀 매콤ㅋ 맛있어요
1,개인적으론 너무 달고 매웠어요 다른 체인점이랑 맛이 좀 다르네요 육수 없어요 대신 둥굴레차 같은 거 있고 두 번은 안 올 것 같아요
1,굿
1,맛있음
1,맵지만 맛있음
1,한적한 시간에 가면 여유롭게 드실 수 있습니다 맛있어 요망 향
1,맛있습니다
1,굿
1,이용했어요
1,이곳이 왜 맛 집인지 이해 불 가입니다 다들 맛있는 국수를 안 드셔보셨나 봐요 ㅡㅡ 가격 또한 천 원 받을 거 다 받으면서 식판은 셀프 반납에 식탁은 중고나라에서 만 원대에 망한 가게에서 사 올 듯한 수준이고 의자는 등받이도 없는 플라스틱 편의점 의자에 결정적으로 식수가 그냥 수돗물이네요 솔직히 맛도 분위기도 동내 시장통 같아 천 원 아깝습니다 이거 맛있는 거 아닙니다 그냥저냥 먹을 만한 보통 수준이 죠 맛있는 집과 유명한 집을 구별하시길 바랍니다
1,연천 갈 때 항상 들러서 먹고 가요
1,굿
1,찐 맛 집임
1,굿굿
1,맛있는데 멸치 육 수 없는 게 아쉬워요
1,첫 맛은 막맵지 않은데 막상 먹다 보면 맵습니다 그래도 맛있어 요면이 쫄깃하고 좋아요
1,맛있어요
1,새콤달콤은 아니지만 맛있어요
1,맛있지만 좀 짰어요
1,좋네요
1,굿
1,맛있습니다 온통 빨간색에 김치도 많이 들어 있어서 매울 줄 알았는데 생각보다 많이 맵지 않고요 김치 먹는 식감도 좋습니다 식당 내부가 넓고 주차도 편리합니다
1,비빔국수만 파는 곳 매운데 맛있어요
1,매콤하고 일반적인 비빔국수 맛입니다 파리가 많습니다 주차장이 넓어서 좋아요
1,본점이라 맛이 다르진 않아요 어린이대공원점이 더 맛있는 느낌 ㅎ 그리고 코로나이고 평일이라 그런지 주문 후 좀 기다려야 음식이 나옵니 다 식당은 신축해서 내부 깔끔은 하네요
1,너 무달고 너 무 매워요 양은 엄청 많음 반찬이랑 만두는 맛있는데 정작 메인인 국수가 너무 실망이네요
1,맛있어요
1,맛있어요
1,맛있어요
1,맛있어요
1,좋아요
1,자주 오는 단골집 워낙 유명한 곳이라 따로 더 말할 필요가 없을 것 같네요 ㅎㅎ
1,잘 먹었습니다
1,망향 국수 연천 본점 맛있어 요 식당 새로 지어서 넓고 기업 같아요
1,엄 청 맵지만 계속 생각나는 맛이에요
1,비빔국수 안 좋아하는 남편도 맛있다고 곱빼기 먹을 것을 하며 아쉬워했어요
1,너무 짜고 매워요
1,맵단 맵단
1,너무 맛있어요
1,맛남
1,맛나요 단맛이 강함
1,매콤하고 맛있어요
1,국수 안 좋아하는데 여기 국수 가끔 생각나는 맛
1,연천 올 일 있어서 먹었지 일부러 이거 먹으려고 왔으면 굉장히 화났을 거 같네요 사람 많은 게 희한할 정도 만두도 평범 국수도 맵기만 하고 ㅜ
1,좋아요
1,그동안 먹어왔던 비빔국수와 다른 양념 맛 달면서도 매콤하고 맛있었어요 만두는 그냥 그랬음
1,맛 굿
1,부대 앞에 망향 국수 본점 있어 요 겨울까지 따뜻한 국수는 안 되나 바여
1,좋아요
1,계속 주문 미스나 다 틀리고 호스트 보는 아주머님 빼고 성질만 내시고 잘못 나오고 아주가관쓰 분 기다림
1,맛있어요
1,존 맛
1,좋아요
1,부대 앞이라 정신 사납고 어수선하지만 맛은 생각보다 맛있어요 사람이 너무 많다 보니 일하시는 분들의 친절은 접어두어야 해요
1,맛있어요
1,좋아요
1,좋아요
1,맛있고 애견 동반 가능해서 좋은데 옆에서 하수구 냄새가 좀 올라왔음 ㅠㅠ
1,본점에서 처음 먹어봤는데 너무 맛있네요
1,조하
1,진짜 맛있어요 먼 거리지만 후회 없는 맛
1,말이 필요 없는 맛집
1,거리가 멀긴 하지만 가격 저렴하고 너 무맛 있어요 비빔이랑 만두 먹고 잔치도 궁금해서 또 시켜 먹고 일행들과 이구동성 다음엔 첨부터 비빔 잔치 만두 한 부시 킨다
1,맛있어요
1,먹다가 찍었어요 매콤달콤 맛있어요
1,맛있어요
1,카운터 할머니 불친절 주문부터 평점 날아감 만두 원에 작은 만두 개 개 비싸 국수는 잔치 비빔 모두 괜춘
1,비빔국수 맛있어 여
1,좋아요
1,면발이 쫄깃해요
1,맛있어요
1,맛짱
1,처음 먹어본 망향이네요 조금 짜긴 했지만 맛있어요 다음엔 잔치국수도 먹어보고 싶네요
1,오랜만 맛있게 먹었어요
1,맛은 있는데 카운터 보시는 할머니 너무 불친절하고 짜증을 내셔서 기분 나쁘네요
1,정말 맛있어요
1,맛있네요
1,좋아요
1,맛있어요
1,탕후루 맛있네요
1,맛있어요
1,매콤달콤 맛있어요 체인점이 많지만 본점이 젤로 맛있어요 만두 비빔국수 소스에 콕 찍어 먹으면 정말 맛있어요
1,
1,역시 본점이 맛있네요
1,연천 와서 안 들 리 면허 전 한 곳이에요 김치 아삭아삭하고 매콤 달달하고 여전히 장사는 잘 되네요 미어터져요 ㅋㅋ
1,망향 국수 본점 사람도 많고 비빔국수 맛있어요 가게보다 커 보이는 주차장도 있어요
1,존 맛
1,와 맛 있어요 ㅋㅋㅋㅋ
1,좋아요
1,좋아요
1,면발이 죽여줌
1,점점 맛이 없어지고 방역수칙 엉망
1,맛있고 깨끗해 영
1,맛있어요
1,굳이 찾아가서 먹어 봄 직한 맛이 다 천 원 비빔국수 먹을 때마다 감동이다
1,진짜 맛집
1,연천으로 드라이브 간다면 재인폭포 산책하고 망향 국수 본점에서 비빔국수에 만두를 먹어주는 게 굴룰
1,맛나요
1,좋아요
1,맛나요
1,항상 친절하세요
1,좋아요
1,미친 듯 흡입했어요 오늘은 곱빼기
1,일요일 늦은 시간이라 대기 없이 잘 먹었네요
1,맛있어요 재방문 햤어요
1,맛있어요
1,좋아요
1,좋아요
1,비빔국수 달달하고 맛있어요 ㅠㅠ
1,비빔국수 잔치국수 너무 맛있게 잘 먹었습니다 국수 맛 집 만두는 그냥 평범한 만두였고 차갑게 나온 점이 아쉬웠습니다
1,맛있어요
1,맛있어요
1,맛있어요
1,망향 국수는 역시 본점이죠 캠핑 갈 때마다 찾는 곳인데 역시나 맛있어 요 소스만 따로 판매함 집에서도 먹을 수 있고 좋은데 아쉽지만 또 먹으러 가야 죵ㅎㅎ
1,맛있어요
1,인생 비빔국수
1,맛나요
1,맛있어요
1,맛나여
1,
1,요즘 제 인생 맛 집
1,좋아 요 맛있어요
1,좋아요
1,좋아요
1,
1,좋아요
1,좋네요
1,좋네요
1,언제나 먹어도 맛있어요
1,사람도 많고 맛도 좋아요
1,굿
1,굿
1,맛있어요
1,맛있어요 굿굿 식사시간 피해가 니널널 해요
1,좋아요
1,매콤달콤 맛있어요
1,인생 맛 집 완제제 취향 저격인 비빔국수였어요
1,맛있어요
1,우연히 들린 곳인데 진심 맛있어요
1,맛있어요
1,추웠지만 맛있고 저렴해서 좋아요
1,좋아요 좋아요 좋아요
1,맛있고 바쁜데 친절하시더라고 요 비빔도 잔치도 만두도 맛있음
1,진짜 맞잇다
1,비빔국수 맛있어요 사람들이 넘넘많 앙
1,비빔국수 맛있었어요 나중에 잔치국수도 먹어보고 싶어요
1,비빔국수가 너무 맛있습니다 안에 김치도 너무 맛있고 면도 쫄깃합니다 포장도 가능해요
1,가게 내부가 널찍하고 주차공간도 너널 해서 너무 좋았어요 비빔국수는 엄청 빨갛게 보여서 많이 매워 보였는데 생각보다 맵지 않고 달달 매콤했어요 국수가 차가워서 엄청 쫄깃했습니 당만 둘도 맛있었어요
1,좋아요
1,국수에만 두 싸 먹으면 그냥 끝
1,맛있습니다
1,맛있어요
1,맛있어요
1,맛이 건강해요 어른 둘 아이 둘이 곱빼기 개에 만두까지 먹었네요 ㅎㅎ
1,비빔국수 면 발 졸깃하고 아주 맛있어요
1,맛있어요
1,본점은 달라요
1,
1,맛 집이 라웨이팅이 넘나길어요 그러나 본점 고유의 맛은 꿀맛
1,매콤달콤 새콤 이렇게 맛있기 있어요
1,본점이라 그런지 맛있어요
1,맛있어요
1,맛있어요
1,맛있어요
1,친절도는 보통 맛은 최고
1,여기 근처 갈 때마다 항상 들러 여명이 너무 좋고요 근데 양념은 좀 강한 편이 예여 그래도 가끔 생각나요
1,맛있어요 아기 국수는 안 매워서 아기 국수에 요양은 어른 먹을 만큼 나옴
1,굿
1,맛있어요
1,국수 맛의 진리
1,잔치도 맛있지만 잔치보단 비빔이에요
1,굿
1,굿
1,좋아요
1,
1,언제나 막어도 맛 좋아요
1,좋아요
1,항상 포장해 다가 먹는데 맛있어요ㅋ
1,보통
1,후식으로 탕후루 아주 좋아요
1,맛나요
1,이모님들이 친절하세요 맛은 평범
1,망향 존 맛탕
1,국수 먹고 애들은 탕후루 꼭 먹네요
1,근처 볼 일 있을 때마다 먹는데 올 때마다 맛이 조금씩 달라 요 오늘은 전혀 안 맵네요
1,어딜 가나 본점이 제일 맛있습니다
1,맛있어요
1,너무 맛있어 요탕 후 루도 좋아요
1,인생 최고 비빔국수
1,맛있어요
1,맛있어요 국 수의 쫄깃한 식감과 양념의 하모니 그런데 국수치고 너무 비싸요 보통 곱빼기 원 더구나 주문도 물도 셀프인데 말이죠
1,기대를 많이 했나 봐 요 그냥 동네 국숫집이 더 맛있을 것 같아요 잔치국수 원 비싸네요 굳이 찾아갈 필요는 없을 것 같아요
1,너무 맛있어 또 오고 싶네요
1,맛있어요
1,국숫집이 식당보다 주차장이 더 크고 시국이 어수선한데 사람들 엄청 많은 광경은 태어나서 처음 보네요 국숫집이 이럴 수도 있구나 맛은 있으나 지나가다가 먹을지는 몰라도 굳이 찾아가서 먹진 않을 것 같아요
1,맛나요
1,좋아요
1,맛있어요
1,좋아요
1,여긴 비빔국수가 진리인 듯 언제나 맛 집
1,맛있어요
1,맛있어요
1,특별한 맛은 아닌데 자꾸 가게 되는 곳
1,넘나리 맛있는 것
1,너무 맛있어요
1,맛있어요
1,맛있어요
1,맛있어요 ㅎㅎㅎ
1,너무 맛있었어요 ㅋㅋㅋ 정말 최고 ㅠㅠ 강철 비 보고 꼭 가봐야 지지했는 대 드디어갔네요
1,맛나게 잘 먹었습니다
1,좋아요
1,비빔국수 맛 집이요
1,맛은 동네 분점만도 못한 듯 요 본점이라고 기대를 너무 했나 육수도 없네요 다신 안 올 듯 요에 쉽
1,비빔국수 양념 맛있어요 새콤하니 양념도 맛있고 면발 도탱탱합니 당
1,한번 먹고 다시 억지로 찾아오기는 좀
1,여긴 포장해도 맛있어요
1,맛나요
1,역시 본점이죠 ㅋㅋ
1,진짜 최고의 맛이에요
1,맛있어요
1,좋아요
1,그렇게 맛있는지 모르겠어요 비빔 양념 많아서 진하네요 만두 개 천 원이네요
1,맛있아요
1,맛있어요
1,여전히 맛있네요 ㅎㅎ
1,생각보다 여긴 육수가 없어요
1,너무 맛있어요 ㅠㅠ 분점들은 본점 보고 반성해 라ㅜㅜ
1,좋아요 맛있어요
1,면발부터 만두까지 엄청 맛나게 먹었습니다
1,잘 먹었습니다 사람은 좀 있어도 커서 크게 불편하지 않네요
1,잔치 국수가 괜찮음
1,말해 뭐 해요 근처 올 때 마자 지나갈 때마다 먹는데 일반 지점하고 맛이 달라요 하남은 큰딸이 하신 대여
1,본점만 한곳이 없네요 맛있어요
1,유명한 국수
1,역시 본점이 다 곱빼기 양이 아주 훌륭하다 타 지점들은 곱빼기 양이 적어서 맘 상하는데 그리도 육수 국물이 없는 게 단점이네
1,좋아요
1,맛있어요
1,좋아요
1,맛있어서 또 생각나요
1,잔치국수 양응 많아요 만두는 비추식 혜가 추
1,매우 면서 당기는 맛
1,흠
1,맛있어요
1,굳
1,좋아요
1,비빔국수 맛있어 요양도 많고 맛있게 잘 먹고 갑니다
1,본점 정말 맛있어 요 입맛이 살아나요
1,역시 본 점
1,맛있어요
1,맛있어요
1,맛 집임
1,좋아요
1,굿
1,맛은 있었지만 서비스가 우선 주문은 비빔 물 만도 개를 주문했어요 물 개를 가져다주시더니 아무리 기다려도 비빔을 주지 않더라고 요 저희보다 늦게 나온 테이블은 계속 나오고 있고 그래서 황당해서 이야기하니 종이 누락이라고 방금 물국수 개 가져다주고 누락될 수도 있나요 좀 황당했습니다
1,비빔국수는 망향 비빔국수 궁평 본점이 최고
1,맛나요
1,비빔국수가 맛나요
1,맛있어요
1,좋아요
1,
1,좋아요
1,맛있어요 특히 비빔 굿
1,굿
1,잔치국수 먹고 후 회비빔 먹을 걸
1,그렇게 맛있지는 않아 요 주문 시 미리 테이블부터 잡고 테이블 번호 이야기하시고 주문하시는 게 편해 요 정신없어요
1,맛있어 요 식혜도 최고
1,좋아요
1,친절합니다
1,맛있어요
1,맛있어요
1,맛있어요
1,탕후루 울 딸이 맛나다 하네
1,맛있어 용
1,참 맛 집인데 기복이 심해요
1,맛은 좋은데 비싼 거 아닌가 그래도 비빔국수는 정말 맛있음 명치 국수는 그다지 만두도 별로
1,좋아요
1,넓고 맛있어요
1,맛나요
1,강철 이 영화에 나온 망향 비빔국수 본점
1,열쇠부대 앞
1,맛있어요
1,기대한 것보다는 별로 ㅠㅠ 달고 짜고 좀 자극적이에 여
1,비빔국수 잔치국수 아들 면회 같다 근처에 맛있는 집 있다고 해서 가봤는데 우리 동네에 있는 지점보다 더 맛있어요
1,굿
1,좋아요 넘넘맛있어요
1,좋아요
1,맛있어요
1,맛있지만 멀리 찾아오기엔 국수 값이 비싸요
1,난리 났네 난리 났어
1,맛있어요
1,음식 맛나게 잘 먹었네요
1,맛있어요 비빔 양념이 생각나네요
1,설탕국수 ㅋ왠시골 국수 값이 이 리 비싼지
1,맛있어요 비빔국수
1,좋음
1,맛있게 잘 먹었어요
1,본점인데 육수가 없어서 ㅜㅜ
1,맛있는데 아기국수는 너무 비싸요
1,맛있어요
1,맛있어요 근데 사람 많을 때는 길거리에서 먹어야 함 근처에 덤프트럭 많이 다녀서 먼지 날리는 데
1,맛있어요
1,맛있어요
1,마 이 써요
1,좋아요
1,좋아요
1,맛있죠
1,맛있고 친절하세요
1,맛있어 용
1,굿
1,비빔국수도 맛있는데 잔치국수도 맛있어요
1,리뷰를 달기가 의미 없을 정도로 맛있어요 화장실 안에 세면대가 있으면 좋겠어요 야외에 잏으니 추워요
1,맛있었어요
1,여기 진짜 최고의 맛입니다
1,식혜가 너무 맛있어 용 근데 빨대 보관 위생이 좀 걱정되긴 합니다만 비빔국수도 그냥 괜찮게 먹었어요
1,본점이라 맛이 역시
1,주말에는 대기 줄이 어 마무리하네요
1,
1,맛있어요
1,역시 맛나요
1,맛있어요 겨울잔치국수도 파이고 이 집은 비빔국수가 최고죠 만두도 맛있고 쫄깃한 쫄국수면도 좋아요 비빔 양념이 참 당기는 맛
1,맛있어요
1,비빔국수와 잔치국수를 같이 먹어보면 맛있어요
1,바쁘니깐 음의 생이 음
1,음식이 금방 나와서 그런지 회전도 빠르고 좋네요 ㅎㅎ
1,역시 본점 제일 맛나요 옆에 확장공사하시네요
1,맛있어요
1,맛나요
1,맛있어요
1,맛있어 요 맛있어요
1,창업주 큰 따님이 운영하시는 곳이래요
1,집에서 가까워서 자주 오는 곳
1,굿
1,목요일에 친구가 사줘서 먹고 오늘 또 가서 먹었는데도 정말 맛있었어요
1,쫄깃한 중면에 한 끗다른 소스로 감칠맛이 있다가 성비도 좋고 주문하는 줄이 길어 대기했지만 음식은 엄청 빨리 나옴
1,쫄깃한 중면에 한 끗다른 소스로 감칠맛이 있다가 성비도 좋고 주문하는 줄이 길어 대기했지만 음식은 엄청 빨리 나옴
1,맛은 보통인데 사람 많네요 카운터 보는 할머니 친절하진 않습니다
1,존 맛
1,맛있긴 한데 가게가 원체 어수선하고 넓어서 관리가 잘 안돼요
1,탕후루별미에요
1,맛있어요
1,와우 매콤한 데 너무 맛있어요 사람은 엄청 많음
1,너무 맛있어요
1,맛이 ㅛ어요
1,메뉴가 간단해서 좋아요 비빔국수는 매콤한 편이고 잔치국수는 국물이 짭조름 한편이에 요 만두는 수제 만두가 아니라 시제품인 거 같은데 비빔국수랑 같이 먹으니 잘 어울려요
1,본점의 맛이 떠올라서 근처에 가면 무조건 먹습니다
1,철원 다녀오는 길에 망향 비빔국수 둥굴레차 대박 맛나요 짜지 않고 맵지 않은 절묘한 맛 주문하고 앉자마자 나오고 분 만에 뚝딱 둥굴레차 한 사발하고 출발
1,좋아요 간편하게 한 끼 해결
1,사업 번창하세요
1,맛있어요
1,기대가 너무 컸나 봐요 달고 매워요
1,비빔국수 맛이 진하고 면발이 쫄깃해서 식감도 좋아요 잔치국수도 국물이 고소하고 맛있어요
1,가격 대비 좋아요
1,존 마태
1,맛나요
1,손님은 많지만 음식이 빨리 나와서 굿
1,맛있어 용
1,한 번씩 생각나요
1,맛있어요
1,그냥 그래요
1,정말 맛있네요 강추
1,맛있음 비빔국수 곱빼기 추천
1,멀리까지 왔어요
1,국수별로 안 좋아하는 저에게 여긴 인생 비빔 국숫집이네요
1,좋아요
1,좋아요
1,변함없는 맛
1,맛있어요
1,맛도 양도 좋아 용
1,맛나요
1,맛집 다운 기백과 내공이 느껴집니다
1,만두는 별로였음
1,당기는 맛ㅋ
1,맛있었어요ㅎ
1,누룽지 맛있어서 구매했어요
1,물 수돗물 냄새 많이 나요 군 수어 양념이 업그레이드됐네요
1,맛있게 잘 먹었어요
1,맛집
1,맛집
1,비빔국수 맛있어요 만두도
1,맛있어요
1,면이 후들거리고 보이는 색보다 덜 매워요 매장이 크고 회전율이 빨라 요 결제도 빨리 돼서 금방 막을 수 있어 좋아요
1,양념 맛있네 여
1,좋아요
1,가격도 저렴하고 양념이 너무 맛있어서 호로록 흡입하게 됩니다
1,좋아요
1,맛이 변한 듯
1,느끼한 음식 먹고 이거 먹음 최고 오이에 상추 양파까지 아삭ㅋ 사람 엄청 많네요 가격만 조금 내려주세요
1,맛나요
1,맛있습니다 본점은 다른 지점들과 아예 틀린 맛 프랜차이즈 면 지점들 맛이 일정해야 하는데 본점과 다른 게 잘 이해는 안 됩니다
1,놈 짜고 허접해 요 어르신들 간 이에 요 선택의 여지도 없는 간 맞춤 천 원인데 원가율이 천 원 정도
1,비빔국수 양도 많고 맛있어요
1,좋아요
1,맛나요
1,맛있어 여
1,조금 맵지만 맛나요
1,양도 많고 맵지 않고 맛있어요
1,코로나로 바깥에서 먹었어요 위생에 좀 더 신경 써주세요
1,
1,맛있어요
1,포장도 돼요
1,망향은 본점이 제일 맛있어요 계란 꼭 먹어야 합 네 당
1,맛나요
1,미사리 점보다 맛있어요 가격도 저렴하고 연천 가면 꼭 추천합니다
1,새콤비빔국수 맛있어요
1,뜨거운 둥굴레차와 먹으면 맛있습니다
1,맛있어요
1,망향 본점 맛있음
1,좋아요
1,일하다 자주 들리는 곳인데 올 때마다 맛있게 잘 먹고 갑니다
1,ㅇㅃ
1,ㅎㅎ
1,맛있어요
1,맛
1,맛있어요
1,존 맛 탱 먹으면서도 또 먹고 싶은 맛
1,맛있음 테이블이 잘 갖춰진 건 아니지만 나름 분위기 있음 아기 국수는 보통임
1,한 고기
1,비빔국수 정말 맛있어요
1,양평 가면 들리는 필수 코스
1,오늘은 만족 못 하네요
1,개 떼
1,맛있어요
1,왕 맛있네요
1,진짜로 맛있어요 비빔국수 먹어본 것 중에 최고예요 강추
1,좋아요
1,비빔국수 진짜 맛있어요 짱짱
1,역시 본점이 젤 맛 나요 다른 지점은 ㅠㅠ
1,맛있어요
1,친구가 군대 시절 먹었던 잊을 수 없는 맛이라고 해서 가게 되었는데 정말 맛있었어요
1,이때까지 한 그릇은 먹은 것 같은데 항상 맛있네요
1,맛있어요
1,맛있게 매운 양념 국수입니다 양념이 진한 듯한데 그에 비하면 덜 맵 고 맛있네요 종종 생각날 것 같습니다
1,맛있어요
1,너 맛있네요 적당히 매콤
1,맛있어요
1,맛 집입니다가 보세요
1,망향 비빔국수 천 원 만두 개 천 원 착한 가격 맛있어요
1,맛은 좋지만 코로나 이후에 이렇게 사람 많은 곳은 처음 서둘러 후다닥 먹고 나옴
1,비빔국수랑 어린이 국수 만두 시켜 먹었어요 맛있고 식당 넓어요
1,경기도 연천 맛 집 번 망향 비빔국수 본점 수많은 체인 중 드디어 먹어본 본점의 맛 맛인 정
1,간이 좀 센듯했지만 맛은 있었어요
1,맛있어요
1,간단하게 먹기 좋아요 가격도 저렴하고요 간이 좀 강한 편이네요
1,ㅎㅎ 좋아
1,강철 비에 나온 비빔국수 맛 집 맛있어요
1,주차장도 넓고 메뉴는 비빔만 두 겨울에는 잔치국수까지 테이블 먼저 잡으시고 메뉴 주문하시면서 빙해주더라고요
1,너무 맛있었어요 지금까지 먹은 국수 중 최고네요
1,맛있지만 깔끔하지는 않아요
1,맵고 맛있어요
1,본점이 역시 최고 존엄 맛
1,ㅇㅇㅇ
1,맛있어요
1,여긴 말이 필요 없네요 원조는 원조입니다
1,맛집
1,너무 맛있어요
1,점점 맛이 없어지는 듯해요ㅠ
1,굿
1,
1,좋아요
1,맛있어요
1,맛있어 용
1,맛있게 잘 먹었습니다
1,맛나 맛나 갬성 있음
1,좋아요
1,비빔국수 맛있게 먹고 왔답니다
1,좋아요
1,좋아요
1,무조건 본점으로만 가요 최공
1,정말 맛있어요
1,이날 비냉에 김치양이 너무 적었어요 ㅠㅠ만두한 판비냉 두 개 먹다가 만두가 너무 맛있어서 만두만 한 판 더 추가했네 용
1,국수 맛있어요
1,왕 맛
1,만족합니다
1,맛있어요
1,후식으로 과일 디저트
1,시원한 비빔국수 한 그릇
1,굿
1,맛있는데 제 입맛엔 국수에 백김치가 씹히는데 그 부분만 아니면 굿입니다
1,굿
1,맛있어요
1,맛있어요
1,포장해 와서 먹었는데도 맛나네요
1,맛있어요
1,맛있어요 이 거 먹으러 서울에서 두 시간 달려서 감
1,비빔국수 쵝오 탕우로로 디저트
1,좋아요
1,맛있어 욥
1,말 필요 없음 국수 맛집
1,국수 좋아하는데 너무 맛 있어요
1,비빔국수 맛있어요 만두는 천 원에 조그마한 속은 꽉 참 만두 개 한 판에 나와요
1,면발이 다른 곳과 달리 쫄깃하네요 만두도 맛나고
1,맛있어요
1,강철 비 보다가 국수 당겨서 본점으로 출발 멸치 국수가 안 팔아서 당황 하지만 그릇 가득 담겨 나오는 비빔국수에 금방 헤헿갓 삶은 유정란 개 원 사서 국수랑 먹기 그런데 왜 본점엔 뜨거운 육수가 없는 거니 아쉬워라
1,믿고 가는 집
1,너무 맛나네요
1,망향 비빔국수 만두 맛있어요
1,본점이 젤 맛 나요
1,아주 맛있게 먹었습니다 양념이 독특하니 맛있더라고 요단 만두는 맛있긴 한데 가격 대비 좀 비싼 것 같아요 다음에 이곳에 오면 또 올 것 같아요
1,망향 본점은 사랑입니다
1,맛있습니다
1,맛있어요
1,최고
1,기대한 것보단 별로 그냥 비빔국수 맛만 두는 피가 딱딱해 덜 찌어졌는지
1,맛있어요
1,맛있네요
1,맛있어요
1,불친절
1,기본 포장 원에 포장했어요 육수 따로면은 건면으로 봉주 시네요 맛있게 잘 먹었어요
1,보통
1,좋아요
1,본점까지 온 보람 있어요
1,본점에서 먹은 이후로 집 근처 안 가고 시간 걸리더라도 여기 가서 먹어요 진짜 맛있어요 강추
1,배부르게 잘 먹었습니다 주문과 계산을 동시에 직접 가서 하는 시스템이네요
1,망향 본점이라 해서 지나가다
1,의정부 사는 데 국수 먹으로 자주 가요 너무 맛있어요 ㅠㅠ
1,최고 맛집
1,군부대 바로 앞에 있는 본점 찾아가긴 힘들 거 같고 그런 곳에 있네요 아기 국수가 고수 하니 맛있네요 ㅋㅋ
1,명이 불허 전 망향 본점 포천 들렸다가 우연히 방문하게 됨 사실 타 지점이랑 크게 맛의 차이는 모르겠지만 추억의 맛본 점의 맛이 더해져 더 특별하게 느껴짐
1,입맛 없을 때 생각나는 국수 추가로 만두까지ㅎ
1,맛있어요 본 점
1,본점 방문했습니다 망향 비빔국수 본점
1,아직 먹어보지 않아서 선불 결제하고 음식 기다리는 중 본점의 위엄
1,완전 단골
1,맛있어요
1,식혜 천 원
1,맛난 비빔국수
1,사람 많다 주차장 무지 넓다
1,오늘은 맛이 별 룬이데요 갈 때마다 맛은 일정하지 않네요
1,잘 먹었습니다
1,좋아요
1,맛있어요
1,맛있음 나다 새콤하지 않는 물이 자작한 비빔국수입니다 참기름이 맛이 강해서 조금 느끼함
1,좋아요
1,맛있어요
1,맛있어요
1,보통 맛
1,명
1,좋아요 좋아요 좋아 요 맛있어요 좋아요
1,망향 국수 본점 최고의 맛이에 요
1,맛있는데 넘매움ㅠ
1,맛있어요 또 올게요
1,
1,진짜 맛있어요
1,사장님 친절하시고 맛있어요
1,맛있게 잘 먹었어 용양도 많아요
1,역시 본점이 젤 맛있음
1,존 맛전 맛 존 맛 탕이 거 먹으러 한 시간 달려왔어요
1,그냥 일반적인 맛
1,좋아요
1,맛있어요
1,착한 가격 맛도 최고
1,비빔국수 맛집
1,언제나 존 맛 탱입니다 여기는 찐이 예 요 레알
1,매운데 맛있어요
1,맛있어요
1,본점엔 비빔국수만 파네요
1,킹왕짱짱 짤 좋아요 최고 굿
1,비빔국수 짱 맛있어 요 역시 망향 국수네요
1,망향 비빔국수 본점 방문 면 이 쫄깃하고 맛있어요 양념도 맛있게 매워요 ㅋㅋ 맵찔이들은 조심하세요 ㅋㅋㅋㅋ
1,진짜 맛있어요 유명한 이유가 있음 만두 꼭 먹어라
1,
1,맛있음 맛있음
1,본점이라 사람은 많은데 테이블 회전이 빨라요 여름이라 잔치국수는 없고 비빔국수만 있고 아기 국수 있습니 당 식혜를 한 컵에 천 원씩 파는 데 먹을 만해요
1,비빔국수 연천 맛집 가족 나들이 가서 먹고 왔어요
1,맵고 자극적인데 맛도 좀 별로예요 위생관리도 잘 안되어 있어요
1,이 가격은 싸나 양념이 너무 자극적이며 맛있지 않네요 아쉬움이 많음
1,맛은 있지만 물통이 깨끗하지 않네 요ㅠㅠ 컵도 포개어져 있군 살균기 안에 들어있지만 전원은 꺼 있어요 ㅠㅠ 아쉬운 부분이네요 ㅠㅠ
1,주말이라 손님들도 많고 좋았어요 아쉬운 건 잔치 국수가 없어졌네요
1,비빔국수 언제 먹어도 맛있지
1,망향 비빔국수 본점 맛있습니다 추천
1,짜고 매움 간이 점점 세짐
1,왜 이렇게 점점 짜고 매워지죠
1,몇 번을 왔는데 또 오고 싶은 맛 만두는 기성품이네요
1,망향국 수입니다 망향 국수입니다
1,비빔국수 만두 맛있게 잘 먹었어요 근데 잔치국수를 하지 않아 아쉬웠어요
1,괜찮아 용
1,망향 국수 본점이 최고네요
1,왜 줄 서서 먹는 거죠 이해 안 됨
1,좋아요 친절하세요
1,망향 비빔국수 만두 항상 맛있어요 테이블에 먼저 앉고 주문할 때 테이블 번호 알려줘야 해요 예전보다 조금 맛이 달라진 것 같지만 여전히 맛있어요 만두랑 같이 먹으면 더 좋고 오이 안 먹으면 빼달라고 하셔도 돼요
1,비빔국수 맛 집이에요
1,맛있어요 생각나서 멀리서 왔네요
1,맛 최고 망향 비빔국수
1,본점이 최고
1,굿
1,맛있어요
1,연천 나들이 갔다 망향 비빔국수 본점이 있다는 말에 가봤어요 본점답게 맛도 있고 양도 진짜 많아요
1,본점이라 자주 가긴 하는데 미사점 이양이 훨씬 많습니다
1,여기 무진장 맛나요
1,여자친구랑 둘 다 맛있게 먹었어요
1,친절해요
1,역시 본점인 듯 맛나요
1,역시 본점 나포 집 정말 맛있어 요새 건물 공사 중이라 깨끗하고 시원한 자리에서 먹게 될 날을 기다리게 되네요 ㅎㅎㅎ
1,맛있어요
1,맛있어요
1,전문적 국수
1,본점의 위엄
1,굳
1,맛있었는데 너무 더러워 요 지금 같은 시기에 살균해도 모자라는 판국에다 보이는데 설거지를 너무 더럽게 하고 땀 닦은 더러운 손으로 국수를 그릇에 담고 일하는 사람들 위생관념이 다들 빵점인 듯 너무 더러워서 밥맛 떨어져서 다시는 안 갈 생각 위생에 신경 좀 쓰세요 사람들이 알아야 고칠 텐데 아무도 말하는 사람이 없는 듯
1,매콤달콤 맛있어요
1,진짜 맛있네요
1,조금 덜 달면 좋겠어요
1,생각나는 맛
1,너무 너 무너무 맛있어요 ㅠㅠ
1,맛있어요 굿굿굿
1,거리 대 리그냥 그럭저럭 매워요
1,일반적인 매콤새콤 비빔국수 체인이 많아서 굳이 여기까지 올 필요는 없는 듯
1,맛있네요 육수가 없어요
1,역시 비빔국수는 망향이 끝판왕
1,사람들 많아 정신없고 맛은 일산이 더 나은 듯했어요
1,다른 직영보다 저렴해서 좋아요
1,너 맛있어요
1,명장 냉면 맛있다
1,비빔국수 꼭 드셔 보석요 살짝 매워요
1,맛있어요
1,정말 맛있어요
1,맛있어요 진짜 최고 대박
1,비빔국수는 맛난데 식혜랑 탕 후루는 진짜 아니에 여ㅠㅠ 식혜 한 모금 먹고 바로 윽하고 새 거랑 한 모금 먹은 거 그대로 두고 나왔어요 ㅠㅠ 식혜가 아닌 꿀물 ㅜㅜㅜㅜ
1,식혜도 잊지 말고 꼭 드세요
1,자리도 넓고 주차장도 럾고 좋아요
1,본점이 진짜 제일 맛있어요
1,망향 국수 새콤달콤 맛있어요
1,아주 맛있게 잘 먹었습니다
1,국수 좋아한다면 추천
1,어린이 국수 맛있어요
1,존 맛 탱이에요
1,역시 기대한 만큼 맛은 끝내 주네요 온 육수가 없어서 조금 아쉬웠습니다ㅎㅎ
1,비빔국수 정말 맛있어요
1,아이 국수도 맛있더라고요
1,맛있어요 반려견도 같이 갈 수 있어 좋아요
1,넘맛나여
1,주문 시스템이 진짜 특이해 요함바 식당 같은 그런 느낌이에요가 건물이 고 화장실 별로입니다 ㅠㅠ
1,양념 최고 또 먹고 싶어요
1,연천 맛집 망향 비빔국수 본점 면 이 쫄깃
1,망향 비빔국수 본점 연천 맛집
1,맛도 있고 좋아 여ㅛ
1,멀리 와서 먹기를 참 잘했네요 너무 맛있어요
1,잔치 국수가 얼른 나와야 할 텐데
1,맛있었어요
1,맛이 별로라고 하신 분도 계셔서 기대 반 걱정반이었는데 너무 맛있었어요 매운 걸 잘 먹는 편은 아닌데 입안이 약간 얼얼할 정도 유정란 삶은 거 파는 거랑 만두 시켜서 같이 먹으니 맛나요 ㅎ 따뜻한 둥굴레차 있고 탕후루랑 식혜 팔아요 앞에서도 내부에서도 식사 가능하고 요양 쪽에 흡연구역이 있습니다 주차장도 넓어 조음 친절은 기대하심 안 돼요 ㅎㅎ 선불 이어서 테이블 정하시고 테이블 번호 말씀드리고 음식 시켜 드심 될 듯 요ㅎ
1,맛나요
1,영
1,맛있어요
1,맛있네요
1,
1,
1,작년에 처음 본점에서 먹어보고 올해 또 왔어요 날이 따뜻해지니 딱이네요 비빔국수도 맛나고 만두랑 같이 먹으니 더 맛나요 먹다 보면 엄청 매콤해요 군부대 바로 앞에 있는 게 신통방통하고 특이한 분위기에요
1,좋아요
1,굿굿
1,국수
1,좋아요
1,내 생애 비빔국수 최고
1,맛있어요
1,사람이 많아서 그런지 정리가 잘 안돼 있어요 ㅜㅜ
1,망향은 언제나 옳죠 너무나 맛있습니다
1,맛있어요
1,맛있어 요 주말 사람 많아도 야외 자리도 있고 주차도 편해요
1,타 지점보단 양이 적어 요 좀 달지만 맛있어 요 주차 공간이 넓어서 좋아요
1,강철 비 보고 왔어요 맛있어요
1,맛있어요
1,망향 비빔국수짱
1,본점이 역시 제일 맛있어요
1,너무 맛있어요 ㅎㅎㅎ
1,별로였어
1,비빔국수 맛있어요 조금 짜요
1,존 맛본 점이 존 맛
1,좋아요
1,최 애국 수집
1,정말 맛있어요 이 맛이죠
1,말이 필요 없죠 비빔국수 잔치국수 마니아 라면 꿀맛 아기 국수 원
1,맛나요
1,추가해서 먹었어요
1,맛나요
1,완전 ㅇㅈ
1,언제나 맛있음
1,비빔국수 양념이 맛있습니다 식혜도 괜찮아요
1,맛있어 용
1,맛집 인정
1,잔치 말고 비빔으로 그러나 정말 맛있어서 찾아가 먹을 만하진 않아 요 줄 서서 먹는 이유를 모르겠음 잔치는 국물이 짜고 면은 불어요 비빔은 그런대로 괜찮았음
1,맛있어요
1,망향 비빔국수 오랜만에 먹으러 갔는데 예전보다 매콤함은 좀 줄어든 것 같아요 제 입 맛이 변한 것일 수고 있지만 그래도 맛있게 먹었네요 잔치국수 왜 이렇게 맛있지 처음 먹어봤는데 으뜸입니다
1,망향 비빔국수 본점 비빔국수 맛집 연천 맛집
1,맛탕
1,맛있어요
1,국수가 엄청 시원하고 맛있어요
1,맛나요
1,추천해요
1,본점 역시 맛있음
1,맛 집이라 하여 가봤는데 비빔국수 맛이 쫄면과 같은 맛이어서 맛있었다 가격도 비싸지 않고 갈만했다
1,좋아요
1,배리 굳
1,맛있습니다 면 발이 특이합니다
1,망향 비빔국수 본점 소문대로 맛있어요
1,비빔국수 끝판왕 주말엔 정말 사람 미어터질 듯이 많아 요정 말 비빔국수 맛나네요
1,끝내줘요
1,식당 맞은편이 넓은 주차장 있음 비빔국수 강 추
1,비빔짱 맛 근데 잔치 국수가 없어져서 아쉬워요 강철 비에서 국수 먹는 장면을 여기서 찍었다 주
1,맛있는데 굳이 본점을 찾아가서 먹을 정도냐고 물어보면 또 그건 좀 일단 맛있기는 합니다
1,맛있어요
1,좋아요
1,괜찮아요
1,역시 망향 비빔국수는 본점이 맛있네요 만두도 한판 시켜서 한 알씩 먹었어 요한 판에 알입니다ㅋ 예전보다 소스가 좀 더 매워진 것 같아 요속 시원하게 맛있게 먹었어요
1,굿
3,메밀껍질까지 통째로 가 나면 발이라서 메밀의 구수한 향이 너무 좋아요 육수도 깔끔하니 맛있어요
3,물냉면 최고예요 비냉은 달아요
3,맛있어요
3,굿
3,굿
3,보통이네요 물냉면 육수도 수육도 별로여요
3,굿
3,맛있네요
3,맛있어요
3,주차공간이 만만치 않습니다 사람 없는 평일은 괜찮은데 사람이 몰리면 이 가격은 평균 천 원으로 저 럄해요 물냉면은 기성 냉면과 비슷한 듯 비슷하지 않은 맛입니다 담백합니다 비빔도 맛있어요 만두도 굿굿 사장님이 연세가 있으시고 내부가 클래식합니다 분위기나 청결 서비스를 신경 쓴다면 식사하기가 조금 어렵겠어요 연천 여행하다가 한 번쯤 맛볼만합니다
3,굿
3,맛남
3,매우 맛난 집입니다
3,맛나요
3,제 입맛은 그냥 쏘 쏘
3,만두 맛있네요 비냉엄청 매워요 근데 무 절임엔 이상한 냄새
3,맛나요
3,맛짱
3,맛남
3,맛짱
3,연천 년 역사의 메밀 물냉면 집
3,맛있어요
3,친절해요
3,굳
3,특히 수육 시키면 나오는 김치들 너무 맛있어요
3,맛있어요
3,굿
3,평양냉면 맛은 나쁘지 않았어요 매장 내부 외부 모두 전체적으로 어수선한 감이 있어서 분위기와 함께 먹으러 오신다면 조금 실망하실 수 있습니다ㅎㅎ
3,좀 달아요
3,굿
3,냉면이랑 오이랑 건져 먹을 때는 자연스러운 단맛이 나서 좋음 국물은 고기 육수 맛이 나서 좋은데 끝에 식초 양이 조금 아쉬웠음 평양냉면 같은 맛을 기대하며 온다면 반 정도는 만족할 것 같음 그리고 고양이 너무 귀여움
3,황해 식당 메밀냉면 물 비빔 모두 맛있어 요 맛 집답게 식초 겨자 설탕 양념장 기호에 맞춰 먹을 수 있어 요 꿩만두 하고 수육도 일품이네요 묵은 지에 싸먹으면 정말 맛나요 거기에 소주 한 잔 캬아
3,싸고 맛있고
3,존 맛
3,황해도 식면입니다 육수 숨숨 비빔면 이 달지 않고 아주 차분한 맛이에요 딱 냉면 마니아 스타일
3,좋아요
3,좋아요
3,좋아요
3,맛있어요
3,맛있어요
3,왕징면 맛 집 황해 냉면 육수 맛집
3,첫 입과 두 번째 입부터 맛이 달라지는 신기한 경험 점점 중독성 있는 맛
3,꿩만두 맛나요
3,제가 제일 좋아하는 냉면집이에요
3,연천군 냉면 맛집
4,진짜 갈 때마다 기분 좋게 배불리 먹고 오게 되네요 ㅎㅎ 해물 양도 두부도 굿 만두도 굿굿
4,해물 양은 많은데 칼국수 면 양이 적습니다 손두부가 단단하고 맛있습니다 김치만두는 신 김치가 묵은 맛이 많이 나비니 다 음식이 전체적으로 투박한 옛날 시골 음식 맛입니다 자극적인 양념 맛을 기대하시면 맛이 없다고 느끼실 수 있습니다
4,갈 때마다 비가 부슬부슬 그래서 꼭 막걸리도 찾게 되네요 국물에 고추 송송 넣으면 칼칼해서 안주로도 그만이네요
4,자꾸 바지락 껍데기가 씹히네요
4,양 많고 너무 맛있어요
4,칼국수 최고예요
4,맛있어요
4,맛있는 해물칼국수 왕 푸짐
4,좋아요
4,
4,국물이 맛있어서 단골이 된 곳이에 요
4,좋아요
4,면이 덜 익었네 여ㅠ
4,북어포와 해산물을 가득 넣은 칼국수와 직접 만든 김치만두가 별미 여름에는 별미 콩국수도 함께 맛볼 수 있습니다
4,좋아요
4,맛집 잉여
4,좋아요
4,정말 맛나 요강 추입니다
4,좋아요
4,정말 맛있어요
4,좋아요
4,맛있어요
4,맛있어요
4,좋아요
4,좋아요
4,좋아요
4,조개 황태 등 해산물 많고 맛있어요
4,좋아요
4,좋아요
4,좋아요
4,좋아요
4,좋아요
4,맛있어요 해물과 북어의 만남 국물이 진해요
4,맛있어요
4,맛있어요 굿
4,맛나요 쪼아쪼아
4,굿
4,맛있어요
4,좋아요 좋아
4,역시 변 하지 않는 국물 맛에 푸짐한 해물까지 십 년이 넘게 다녀도 늘 한결같네요
4,맛나요
4,국물이 시원하고 끝내줘 요면을 직접 만드신 듯 부드럽고 맛있어요
4,해물이 많이 들어 있어 국물이 시원합니다
4,최애칼국수집 국물이 깔끔하니 시원해요
4,진짜 맛집 참 맛집 칼국수 맛 끝내줘요
4,맛있고 친절해요 잘 먹고 가요
4,양도 푸짐하고 너무 맛있네요
4,오래간만에 들렀는데 너무 맛나게 먹었어요
4,연천 맛집 전곡 맛집 꼭 가봐야 할 집 칼국수 맛집 고향 손칼국수 국물이 진짜 끝내줘 요 진짜예요 정말이에 요 먹기 전부터 맛있어 입만 살짝 대도 맛있어 기분 좋게 맛있게 먹었습니다 면 사리 추가도 있어서 식사하다가 부족하다 싶으면 사리 추가나 밥 추가해서 먹으면 딱 좋네요 잘 먹었습니다
5,좋습니다
5,좋아요
5,좋아요
5,맛있어요
5,손님 많아서 약간 불친절해요
5,직원들 정신없어요
5,
5,맛있어요
5,매운탕은 맛있어요 하지만 친절한 서비스는 기대하지 마시길
5,너무 좋았음
5,너무 멋지고 맛있고
5,굿
5,정말 굿
5,음식점이 너무 더러워 요 비린 맛나요
5,굿 맛있어요
5,맛있습니다
5,미식가 아빠의 입맛을 만족 시 킴 쏘 가리 매운탕 먹고 싶었는데 빵 사리와 메기만 있었어요 재료가 신선해서 진짜 맛있게 먹고 나왔네 용 또 갈래요
5,굿
5,년 만에 다시 가봤는데 예전보다 사람이 많네요 맛도 많이 변함이 없어 좋네요
5,굳
5,굿
5,맛있어요
5,생각보단 별로였네요
5,맛있고 친절했어요
5,맛있고 꺄 끗합니아
5,굿
5,맛있어요
5,별로예요
5,공기 좋은 곳에서 맛있게 잘 먹고 갑니다
5,좋아요
5,좋아요
5,맛있습니다
5,좀 매운데 맛있어요 친절하기 구용 잘 먹었습니다
5,매운탕 맛집 경치 맛집 한탄강이 내려다보여요
5,칼칼하고 맛있어 요 뷰도 멋집니다
5,맛있다고 해서 갔는데 정말 맛나게 잘 먹었어요
5,민물고기 잡탕 찌개 비리지 않고 맛있네요
5,저희 암편 고향이 금산인데 요 저희 아이들과 그 맛을 가면 어묵을 먹고 왔어요 아이들이 어렸을 때는 싫다고 하였는데 이제 다 큰 성인이 되니까 금산에 도둑질을 이야기하더군요 그런데 그렇게 매운탕이 다 어탕국수 다 먹어봐도 시골에 맛이 아니라는 거예요 그런데 생생정보통 불탄 쇠 가든 이 딱 나오는데 고기도 직접 잡아서 매운탕을 끓여주고 김치며 밑반찬들도 다 괜찮게 나오길래 우리 이번 주말에 대비하여 아이들과 같이 찾아갔는데 매운탕 정말 맛있게 잘 먹고 왔어요 도토리묵은 맛있었는데 우리 가족 입맛에는 너무 매워서 헉헉거리며 먹었어요 매운탕 정말 맛있게 먹었어요 매운탕 생각날 때마다 먹으러 갈 거 예 요
5,좋아요
5,마스크 좀 쓰세요 진짜
5,푸짐하네요 얼큰한 맛
5,이런 집이 왜 연천 맛 집인지 인천에서 큰맘 먹고 연천까지 힘들게 가서 먹을 때는 아주 맛있었는데 라면 사리도 추가하고 먹고 재인폭포구 경하고 집에 돌아오는 길에 물을 얼마나 먹었는지 물배가 가득했네 를 많이 사용하면 물이 들이킨다는 데 만약 때문이었다면 좋은 재료로 이렇게 밖에 못 만드나 대째라던가 하던데 하여간 실망이다
5,맛도 맛이지만 친절하고 너무 좋았어요 잘 먹고 갑니다
6,좋아요
6,맛있어요
6,매운탕이 맛이어요
6,좋아요
6,첫 방문
6,좋아요
6,좋아요
6,좋아요
6,좋아요
6,매운탕 끝내줘요
6,맛있어요
6,맛있어요 진짜 맛난 곳
6,굿
6,맛있어요
6,메기 매운탕 맛있습니다
6,일부러 맛있다고 해서 찾아간 곳이에 요 도착했을 때 시쯤이었고 한 분 빼고 다른 분들은 밖에서 야채를 다듬고 계시더라고 요 잡탕 인과 메기 매운탕 인 주문하였고 저희 말고 한 팀이 먹고 있었어요 저희 주문할 때 그 팀에게 수제비도 직접 떼어 넣어주시더라고요 그래서 저희도 수제비를 달라고 하니 어느 정도 먹고 수제비를 넣는 거라고 하더니 수제비도 다른 팀은 넣어주고 저 흰 넣어 먹으라고 반죽 주고 가시더라고요 이렇게 리뷰 쓰는 이유는 음식의 맛을 떠나서 너무 불친절한 거예요 정말 너무너무 불친절해서 저희가 함께 데리고 간 친구네까지 기분 나쁘다고 반찬도 탁탁 내려놓는 데 던지는 수준이었습니다 번까지 참았고 대놓고 인터넷에 올리겠다고 하니 그제야 조심하기 더고 요 너무 기분 나빠서 리뷰 올리려고 사진 찍어왔습니다 이제 다시는 안 갈 거 같습니다
6,맛있어요
6,미나리 듬뿍 조미료 맛나지 않고 끓일수록 진한 맛이 납니다 직접 손으로 뜯어 넣어 주신 수제비도
7,좋아요
7,참게 메운 탕 맛있어요
7,친절하고 음식 또한 너무 맛나요
7,맛있어요
7,이 집 사진 못 찍으게 아쉬운 집 지나가다 눈에 띄어 들렸는데 진짜 맛집 매운탕집 치고 국물이 깔끔한 집은 손꼽히는 데 그중 한집
8,맛있어요
8,좋아요
8,맛있어요
8,굿
8,소스 너무 맛있어요
8,항상 잘 시켜 먹고 있어요 맛 집
8,정말 맛있어요 근데 치즈 돈가스는 좀
8,구성비 좋아요
8,맛있어요
8,맛있고요 친절해요
8,자주 먹게 되는 오늘의 아점 굿
8,오늘은 아점으로 굿굿
8,ㅈㅈ
8,돈가스 맛집 아점으로 딸 찬스로 맛나요
8,돈가스도 맛있고 친절하시네요
8,진심 맛있고 저렴해요
8,맛있어요 돈가스 색이 진해요
8,맛있어요
8,강추합니다 꼭 이용하세요 좋아요
8,품지 머 하고 맛있어요
8,자주 먹어요
8,굿굿
8,저렴하고 맛있어요
8,맛나요 가끔 가는 곳
8,맛있어요
8,맛있어요
9,맛있어요
9,오래간만에 전화예약하고 방문했어요 그전에 세를 주셨다가 원래 사장님이 다시 재오픈 하셨다고 하시네요 가족분들이 운영하셔서인지 친절하시고 세심하시고 맛도 업그레이드된 듯 정말 맛있게 먹고 왔어요 도착 분 전에 전화 예약은 필수
9,좋아요
9,가격표 수정하셔야겠어요 만 원입니다 도착 분 전에 전화하셔야 시간 절약됩니다 다른 메뉴는 없고 오리 구이다 먹을 즈음에 밥에 김칫국 주문하시면 됩니다 공깃밥은 추가 금액 나옵니 다 직접 구워주시니 안 태우고 먹을 수 있어서 넘넘 좋았어요
9,오리 김치 맛은 좋아요 정겨운 분위기 좋아하시면 좋아할 듯
9,분위기 있고 좋았는데 벨이 없는 점 불편하고 이날에는 사장님이 안 계셔서 오리고기에 잔뼈들이 좀 있었어요 그래도 남자 직원 불친절 하셔서 좋았습니다
9,오리고기 맛있네요 굿
9,운치 있고 맛나고 좋아요
9,분위기 좋고 맛있어요
9,존 맛 양 진짜 많아요
9,분위기가 좋아요
9,산속 깊은 곳에 자리한 곳 오리 맛있고 조용하니 좋아요
9,맛있어 용 단양이 적구 밖에서 먹을 때는 벨도 없어서 불편하고 일하시는 분들이 불친절
9,방문 분 전에 미리 예약을 해야 하고요 인 마리가 적당합니 다양이 많아 보여도 다 구우면 양이 줄더라고요 고기 좀 먹다가 밥 달라고 해서 먹었고요 너무 바쁜 것 같아 거 추가 반찬이랑 밥은 가져다 먹었어요 맛은 진짜 기가 막힙니다 청양고추 없어요ㅠ
